{"cameraMode":{"drawMode":0,"name":"Shaded","section":"Shading Mode"},"sceneLighting":true,"audioPlay":false,"sceneViewState":{"showFog":false,"showMaterialUpdate":false,"showSkybox":true,"showFlares":false,"showImageEffects":false,"showParticleSystems":true},"in2DMode":false,"pivot":{"x":112.15827178955078,"y":1.6959656476974488,"z":33.008399963378909},"rotation":{"x":-0.006759586278349161,"y":0.99544358253479,"z":-0.08520705252885819,"w":-0.048749398440122607},"size":0.9949881434440613,"orthographic":false}