{"cameraMode":{"drawMode":0,"name":"Shaded","section":"Shading Mode"},"sceneLighting":true,"audioPlay":false,"sceneViewState":{"showFog":false,"showMaterialUpdate":false,"showSkybox":true,"showFlares":false,"showImageEffects":false,"showParticleSystems":true},"in2DMode":false,"pivot":{"x":3.493716239929199,"y":8.359439849853516,"z":4.804144859313965},"rotation":{"x":-0.17485849559307099,"y":-0.6481332182884216,"z":0.15899178385734559,"w":-0.7243227958679199},"size":9.642325401306153,"orthographic":false}