{"cameraMode":{"drawMode":0,"name":"Shaded","section":"Shading Mode"},"sceneLighting":true,"audioPlay":false,"sceneViewState":{"showFog":false,"showMaterialUpdate":false,"showSkybox":true,"showFlares":false,"showImageEffects":false,"showParticleSystems":true},"in2DMode":false,"pivot":{"x":107.68183898925781,"y":-9.90546989440918,"z":32.34943389892578},"rotation":{"x":0.24315503239631654,"y":0.6131966710090637,"z":-0.2100522220134735,"w":0.7220290899276733},"size":13.962444305419922,"orthographic":false}