{"cameraMode":{"drawMode":0,"name":"Shaded","section":"Shading Mode"},"sceneLighting":true,"audioPlay":false,"sceneViewState":{"showFog":true,"showMaterialUpdate":true,"showSkybox":true,"showFlares":true,"showImageEffects":true,"showParticleSystems":true},"in2DMode":false,"pivot":{"x":96.95075225830078,"y":2.559087038040161,"z":-4.169970512390137},"rotation":{"x":-0.09202928096055985,"y":-0.673040509223938,"z":0.08828672766685486,"w":-0.7290555834770203},"size":1.7320507764816285,"orthographic":false}