{"cameraMode":{"drawMode":0,"name":"Shaded","section":"Shading Mode"},"sceneLighting":true,"audioPlay":false,"sceneViewState":{"showFog":true,"showMaterialUpdate":true,"showSkybox":true,"showFlares":true,"showImageEffects":true,"showParticleSystems":true},"in2DMode":false,"pivot":{"x":70.57262420654297,"y":2.196497917175293,"z":5.153683662414551},"rotation":{"x":-0.08058426529169083,"y":-0.7899202704429627,"z":0.11010877043008805,"w":-0.5984483957290649},"size":1.7320507764816285,"orthographic":false}