{"cameraMode":{"drawMode":0,"name":"Shaded","section":"Shading Mode"},"sceneLighting":true,"audioPlay":false,"sceneViewState":{"showFog":true,"showMaterialUpdate":true,"showSkybox":true,"showFlares":true,"showImageEffects":true,"showParticleSystems":true},"in2DMode":false,"pivot":{"x":52.846412658691409,"y":4.138067722320557,"z":33.286529541015628},"rotation":{"x":-0.09475407749414444,"y":-0.7070770859718323,"z":0.09814216196537018,"w":-0.6942154765129089},"size":8.237153053283692,"orthographic":false}