{"cameraMode":{"drawMode":0,"name":"Shaded","section":"Shading Mode"},"sceneLighting":true,"audioPlay":false,"sceneViewState":{"showFog":true,"showMaterialUpdate":true,"showSkybox":true,"showFlares":true,"showImageEffects":true,"showParticleSystems":true},"in2DMode":false,"pivot":{"x":90.15640258789063,"y":12.243995666503907,"z":-2.1271300315856935},"rotation":{"x":-0.20813842117786408,"y":-0.6361421346664429,"z":0.1874804049730301,"w":-0.7194438576698303},"size":0.8320507407188416,"orthographic":false}