{"cameraMode":{"drawMode":0,"name":"Shaded","section":"Shading Mode"},"sceneLighting":true,"audioPlay":false,"sceneViewState":{"showFog":true,"showMaterialUpdate":true,"showSkybox":true,"showFlares":true,"showImageEffects":true,"showParticleSystems":true},"in2DMode":false,"pivot":{"x":31.669504165649415,"y":21.31084442138672,"z":41.61774826049805},"rotation":{"x":0.2321351021528244,"y":0.7385632991790772,"z":-0.31546884775161745,"w":0.5493348836898804},"size":0.9949872493743897,"orthographic":false}