{"cameraMode":{"drawMode":0,"name":"Shaded","section":"Shading Mode"},"sceneLighting":false,"audioPlay":false,"sceneViewState":{"showFog":false,"showMaterialUpdate":false,"showSkybox":false,"showFlares":false,"showImageEffects":false,"showParticleSystems":true},"in2DMode":false,"pivot":{"x":-9.999998092651368,"y":7.955256462097168,"z":-4.036671161651611},"rotation":{"x":-0.2639558017253876,"y":-0.5823808908462524,"z":0.21163329482078553,"w":-0.7395728230476379},"size":14.054353713989258,"orthographic":false}