{"cameraMode":{"drawMode":0,"name":"Shaded","section":"Shading Mode"},"sceneLighting":true,"audioPlay":false,"sceneViewState":{"showFog":true,"showMaterialUpdate":true,"showSkybox":true,"showFlares":true,"showImageEffects":true,"showParticleSystems":true},"in2DMode":false,"pivot":{"x":51.8106803894043,"y":22.372600555419923,"z":8.017807960510254},"rotation":{"x":0.2599061131477356,"y":-0.10775552690029144,"z":0.027319297194480897,"w":0.9595832824707031},"size":3.067949056625366,"orthographic":false}