{"cameraMode":{"drawMode":0,"name":"Shaded","section":"Shading Mode"},"sceneLighting":true,"audioPlay":false,"sceneViewState":{"showFog":false,"showMaterialUpdate":false,"showSkybox":true,"showFlares":false,"showImageEffects":false,"showParticleSystems":true},"in2DMode":false,"pivot":{"x":55.649688720703128,"y":6.0506696701049809,"z":32.043270111083987},"rotation":{"x":-0.0018466972978785635,"y":-0.9978309273719788,"z":0.05724889785051346,"w":-0.03351988270878792},"size":0.9949869513511658,"orthographic":false}