{"cameraMode":{"drawMode":0,"name":"Shaded","section":"Shading Mode"},"sceneLighting":true,"audioPlay":false,"sceneViewState":{"showFog":true,"showMaterialUpdate":true,"showSkybox":true,"showFlares":true,"showImageEffects":true,"showParticleSystems":true},"in2DMode":false,"pivot":{"x":73.31966400146485,"y":7.642323970794678,"z":13.216419219970704},"rotation":{"x":0.043896451592445376,"y":-0.8410271406173706,"z":0.06835020333528519,"w":0.535169780254364},"size":36.37306594848633,"orthographic":false}