{"cameraMode":{"drawMode":0,"name":"Shaded","section":"Shading Mode"},"sceneLighting":true,"audioPlay":false,"sceneViewState":{"showFog":true,"showMaterialUpdate":true,"showSkybox":true,"showFlares":true,"showImageEffects":true,"showParticleSystems":true},"in2DMode":false,"pivot":{"x":42.026817321777347,"y":59.88583755493164,"z":-17.744356155395509},"rotation":{"x":0.5414248704910278,"y":-0.004721854347735643,"z":-0.0005194181576371193,"w":0.8413296341896057},"size":1.7320507764816285,"orthographic":false}