{"cameraMode":{"drawMode":0,"name":"Shaded","section":"Shading Mode"},"sceneLighting":true,"audioPlay":false,"sceneViewState":{"showFog":true,"showMaterialUpdate":true,"showSkybox":true,"showFlares":true,"showImageEffects":true,"showParticleSystems":true},"in2DMode":false,"pivot":{"x":39.54716873168945,"y":8.031571388244629,"z":31.490293502807618},"rotation":{"x":-0.11065088212490082,"y":0.8814077377319336,"z":-0.3871624171733856,"w":-0.24801650643348695},"size":10.0,"orthographic":false}