{"cameraMode":{"drawMode":0,"name":"Shaded","section":"Shading Mode"},"sceneLighting":true,"audioPlay":false,"sceneViewState":{"showFog":true,"showMaterialUpdate":true,"showSkybox":true,"showFlares":true,"showImageEffects":true,"showParticleSystems":true},"in2DMode":false,"pivot":{"x":64.37442016601563,"y":24.353464126586915,"z":-1.0205152034759522},"rotation":{"x":-0.33687686920166018,"y":-0.6159231662750244,"z":0.3336784243583679,"w":-0.6297212243080139},"size":1.7320507764816285,"orthographic":false}