{"cameraMode":{"drawMode":0,"name":"Shaded","section":"Shading Mode"},"sceneLighting":true,"audioPlay":false,"sceneViewState":{"showFog":false,"showMaterialUpdate":false,"showSkybox":true,"showFlares":false,"showImageEffects":false,"showParticleSystems":true},"in2DMode":false,"pivot":{"x":81.18762969970703,"y":2.3897178173065187,"z":25.42626190185547},"rotation":{"x":-0.08615577220916748,"y":-0.9136263132095337,"z":0.2919725477695465,"w":-0.2697391211986542},"size":8.718615531921387,"orthographic":false}