{"cameraMode":{"drawMode":0,"name":"Shaded","section":"Shading Mode"},"sceneLighting":false,"audioPlay":false,"sceneViewState":{"showFog":true,"showMaterialUpdate":true,"showSkybox":false,"showFlares":true,"showImageEffects":true,"showParticleSystems":true},"in2DMode":false,"pivot":{"x":72.85986328125,"y":1.206775426864624,"z":6.48849630355835},"rotation":{"x":0.009577784687280655,"y":-0.9895946383476257,"z":0.13611100614070893,"w":0.053116314113140109},"size":0.9323938488960266,"orthographic":false}