{"cameraMode":{"drawMode":0,"name":"Shaded","section":"Shading Mode"},"sceneLighting":false,"audioPlay":false,"sceneViewState":{"showFog":false,"showMaterialUpdate":false,"showSkybox":false,"showFlares":false,"showImageEffects":false,"showParticleSystems":true},"in2DMode":false,"pivot":{"x":0.07076120376586914,"y":0.32643139362335207,"z":-0.04160189628601074},"rotation":{"x":-0.3240123987197876,"y":-0.5277674794197083,"z":0.22915680706501008,"w":-0.7512179017066956},"size":1.9073249101638795,"orthographic":false}