{"cameraMode":{"drawMode":0,"name":"Shaded","section":"Shading Mode"},"sceneLighting":false,"audioPlay":false,"sceneViewState":{"showFog":false,"showMaterialUpdate":false,"showSkybox":false,"showFlares":false,"showImageEffects":false,"showParticleSystems":true},"in2DMode":false,"pivot":{"x":0.3289985656738281,"y":2.0,"z":0.6989974975585938},"rotation":{"x":-0.1559198498725891,"y":-0.034257471561431888,"z":0.005113295745104551,"w":-0.9873390197753906},"size":30.108732223510743,"orthographic":false}