{"cameraMode":{"drawMode":0,"name":"Shaded","section":"Shading Mode"},"sceneLighting":true,"audioPlay":false,"sceneViewState":{"showFog":true,"showMaterialUpdate":true,"showSkybox":true,"showFlares":true,"showImageEffects":true,"showParticleSystems":true},"in2DMode":false,"pivot":{"x":-8.867192268371582,"y":32.32211685180664,"z":25.653226852416993},"rotation":{"x":0.2314910590648651,"y":0.6674086451530457,"z":-0.23333236575126649,"w":0.6686510443687439},"size":3.232050657272339,"orthographic":false}