{"cameraMode":{"drawMode":0,"name":"Shaded","section":"Shading Mode"},"sceneLighting":true,"audioPlay":false,"sceneViewState":{"showFog":true,"showMaterialUpdate":true,"showSkybox":true,"showFlares":true,"showImageEffects":true,"showParticleSystems":true},"in2DMode":false,"pivot":{"x":13.62625503540039,"y":25.982343673706056,"z":-22.087574005126954},"rotation":{"x":0.4282686412334442,"y":0.03254934027791023,"z":-0.016124112531542779,"w":0.9031667113304138},"size":2.610077381134033,"orthographic":false}