{"cameraMode":{"drawMode":0,"name":"Shaded","section":"Shading Mode"},"sceneLighting":true,"audioPlay":false,"sceneViewState":{"showFog":false,"showMaterialUpdate":false,"showSkybox":true,"showFlares":false,"showImageEffects":false,"showParticleSystems":true},"in2DMode":false,"pivot":{"x":36.499977111816409,"y":-29.776798248291017,"z":64.52415466308594},"rotation":{"x":0.35828897356987,"y":-0.27819162607192995,"z":0.1099305972456932,"w":0.884761393070221},"size":34.81789016723633,"orthographic":false}