{"cameraMode":{"drawMode":0,"name":"Shaded","section":"Shading Mode"},"sceneLighting":true,"audioPlay":false,"sceneViewState":{"showFog":false,"showMaterialUpdate":false,"showSkybox":true,"showFlares":false,"showImageEffects":false,"showParticleSystems":true},"in2DMode":false,"pivot":{"x":101.94800567626953,"y":1.318137764930725,"z":34.555240631103519},"rotation":{"x":-0.16636128723621369,"y":-0.601347029209137,"z":0.13293951749801637,"w":-0.7704944014549255},"size":16.087982177734376,"orthographic":false}