{"cameraMode":{"drawMode":0,"name":"Shaded","section":"Shading Mode"},"sceneLighting":true,"audioPlay":false,"sceneViewState":{"showFog":true,"showMaterialUpdate":true,"showSkybox":true,"showFlares":true,"showImageEffects":true,"showParticleSystems":true},"in2DMode":false,"pivot":{"x":17.06743049621582,"y":65.42323303222656,"z":10.405349731445313},"rotation":{"x":0.4006645977497101,"y":0.5822889804840088,"z":-0.4020296633243561,"w":0.5827219486236572},"size":18.17990493774414,"orthographic":false}