{"cameraMode":{"drawMode":0,"name":"Shaded","section":"Shading Mode"},"sceneLighting":true,"audioPlay":false,"sceneViewState":{"showFog":true,"showMaterialUpdate":true,"showSkybox":true,"showFlares":true,"showImageEffects":true,"showParticleSystems":true},"in2DMode":false,"pivot":{"x":54.41269302368164,"y":55.0187873840332,"z":33.289066314697269},"rotation":{"x":0.000397575757233426,"y":0.8036717772483826,"z":-0.5956436395645142,"w":0.004239499103277922},"size":1.7320506572723389,"orthographic":false}