{"cameraMode":{"drawMode":0,"name":"Shaded","section":"Shading Mode"},"sceneLighting":true,"audioPlay":false,"sceneViewState":{"showFog":true,"showMaterialUpdate":true,"showSkybox":true,"showFlares":true,"showImageEffects":true,"showParticleSystems":true},"in2DMode":false,"pivot":{"x":1.9602906703948975,"y":2.614901304244995,"z":30.105430603027345},"rotation":{"x":0.12187176942825318,"y":0.6487011909484863,"z":-0.10843861848115921,"w":0.7437424063682556},"size":2.032050848007202,"orthographic":false}