{"cameraMode":{"drawMode":0,"name":"Shaded","section":"Shading Mode"},"sceneLighting":true,"audioPlay":false,"sceneViewState":{"showFog":true,"showMaterialUpdate":true,"showSkybox":true,"showFlares":true,"showImageEffects":true,"showParticleSystems":true},"in2DMode":false,"pivot":{"x":-13.040752410888672,"y":4.610080718994141,"z":19.456972122192384},"rotation":{"x":0.14515206217765809,"y":0.7296838760375977,"z":-0.16604351997375489,"w":0.6476549506187439},"size":1.7320507764816285,"orthographic":false}